cfg_application,cfg_client_maxrate_kbit,cfg_delay,cfg_run_id,cfg_server_maxrate_kbit,cfg_study_id,cfg_time_limit,sshc_cmd_count,sshc_max,sshc_mean,sshc_median,sshc_min,sshc_std,sshc_uniq_cmds
sshclient,250,0,20180409_211936_9d9e,250,vagrant,80,24,4.0434656143,2.1094216506,2.3669101,0.024545908,1.2865351108,1
sshclient,500,0,20180410_005522_55c4,500,vagrant,80,18,1.928994894,0.9976330863,1.2284457684,0.0133481026,0.6989782422,1
sshclient,750,0,20180410_011520_a609,750,vagrant,80,11,1.4519760609,1.0407818231,1.0904898643,0.4551141262,0.2622367268,1
sshclient,1000,0,20180409_190236_920c,1000,vagrant,80,15,0.9111361504,0.5512883186,0.7048454285,0.0133459568,0.3243835534,1
sshclient,1250,0,20180409_192218_144d,1250,vagrant,80,16,0.8900983334,0.6188102961,0.663294673,0.0760018826,0.197084283,1
sshclient,1500,0,20180409_194159_4f61,1500,vagrant,80,11,0.5962071419,0.3569013205,0.3672435284,0.0132694244,0.2080583993,1
sshclient,1750,0,20180409_200137_a2e3,1750,vagrant,80,21,0.5525500774,0.4096678325,0.4108397961,0.1301317215,0.1055222392,1
sshclient,2000,0,20180409_202109_673f,2000,vagrant,80,15,0.4771537781,0.2817482789,0.3277156353,0.0133209229,0.1553090927,1
sshclient,2250,0,20180409_204040_ef89,2250,vagrant,80,18,0.3633849621,0.1888635821,0.2023156881,0.0131483078,0.1249975483,1
sshclient,2500,0,20180409_210008_a4cd,2500,vagrant,80,15,0.6670255661,0.1738241673,0.0794734955,0.0132405758,0.1877179458,1
sshclient,2750,0,20180409_214101_bf3a,2750,vagrant,80,20,0.4364082813,0.1988893747,0.1939899921,0.0135293007,0.1086788367,1
sshclient,3000,0,20180409_220028_3e8e,3000,vagrant,80,17,0.375836134,0.1925748096,0.2234253883,0.0132508278,0.1297571367,1
sshclient,3250,0,20180409_221953_abf0,3250,vagrant,80,16,0.3210954666,0.139069736,0.1507639885,0.0133337975,0.1074554992,1
sshclient,3500,0,20180409_223919_ad2c,3500,vagrant,80,11,0.2752842903,0.1353105848,0.1643877029,0.0133535862,0.1018126948,1
sshclient,3750,0,20180409_225848_c866,3750,vagrant,80,18,0.2686970234,0.0996420251,0.0314145088,0.0132422447,0.0985717355,1
sshclient,4000,0,20180409_231818_3b89,4000,vagrant,80,14,0.3045856953,0.1016753401,0.0891954899,0.013228178,0.0858393616,1
sshclient,4250,0,20180409_233743_7162,4250,vagrant,80,15,0.2255511284,0.1222439766,0.1396081448,0.0132477283,0.078074571,1
sshclient,4500,0,20180409_235707_0eac,4500,vagrant,80,8,0.2068192959,0.1085211635,0.1249841452,0.0132472515,0.0791875758,1
sshclient,4750,0,20180410_001633_2aba,4750,vagrant,80,13,0.2011358738,0.0790971793,0.0340433121,0.0132091045,0.0718009493,1
sshclient,5000,0,20180410_003558_2ae6,5000,vagrant,80,13,0.1881475449,0.0959837803,0.1389679909,0.0132799149,0.0777370786,1
sshclient,250,20,20180409_212255_1977,250,vagrant,80,11,4.2952330112,3.1962584149,3.4655985832,1.3259551525,0.9245202813,1
sshclient,500,20,20180410_005826_c9f0,500,vagrant,80,12,1.7781257629,1.2556934357,1.162350893,0.6814808846,0.3853917461,1
sshclient,750,20,20180410_011820_faec,750,vagrant,80,21,1.4461343288,0.8702816623,1.0687186718,0.0539433956,0.3859252136,1
sshclient,1000,20,20180409_190538_ace2,1000,vagrant,80,16,0.949031353,0.6786555052,0.7136294842,0.0541374683,0.247015788,1
sshclient,1250,20,20180409_192519_954a,1250,vagrant,80,16,0.9663188457,0.4928846657,0.4697210789,0.0539178848,0.2368780807,1
sshclient,1500,20,20180409_194501_9365,1500,vagrant,80,20,0.78551507,0.3920781374,0.419098258,0.0537376404,0.2306250507,1
sshclient,1750,20,20180409_200438_8190,1750,vagrant,80,14,0.6910655499,0.3730990716,0.4512678385,0.0542478561,0.1967293139,1
sshclient,2000,20,20180409_202409_b5e4,2000,vagrant,80,15,0.4836497307,0.2892770131,0.3069765568,0.0538475513,0.1459557029,1
sshclient,2250,20,20180409_204340_dbf9,2250,vagrant,80,14,0.612621069,0.256394199,0.2522962093,0.0540146828,0.1923734164,1
sshclient,2500,20,20180409_210308_0972,2500,vagrant,80,24,0.4744832516,0.2235533396,0.2529554367,0.053647995,0.137145133,1
sshclient,2750,20,20180409_214400_63f8,2750,vagrant,80,22,0.4415071011,0.2425610369,0.2843686342,0.0538394451,0.1179653082,1
sshclient,3000,20,20180409_220327_26b3,3000,vagrant,80,22,0.4354264736,0.1336581599,0.0541241169,0.0538654327,0.1076172672,1
sshclient,3250,20,20180409_222252_5670,3250,vagrant,80,16,0.4127388,0.1694976687,0.1507810354,0.0537996292,0.1224506573,1
sshclient,3500,20,20180409_224218_d609,3500,vagrant,80,23,0.311924696,0.1446696779,0.0776631832,0.0537588596,0.1026859041,1
sshclient,3750,20,20180409_230147_1a75,3750,vagrant,80,26,0.3891716003,0.1682369892,0.1902637482,0.0537471771,0.0939035958,1
sshclient,4000,20,20180409_232117_8f36,4000,vagrant,80,19,0.3767063618,0.1346068006,0.1263458729,0.0537662506,0.0915970563,1
sshclient,4250,20,20180409_234042_de20,4250,vagrant,80,18,0.3738706112,0.1473378738,0.0924943686,0.0537617207,0.1080107197,1
sshclient,4500,20,20180410_000006_ab78,4500,vagrant,80,16,0.2378089428,0.1172799468,0.1083647013,0.0537307262,0.0685346002,1
sshclient,4750,20,20180410_001932_5e65,4750,vagrant,80,18,0.2424097061,0.1219655673,0.0822870731,0.0537638664,0.0740544328,1
sshclient,5000,20,20180410_003857_6e33,5000,vagrant,80,18,0.2303798199,0.0975668828,0.0569853783,0.0538861752,0.0593329192,1
sshclient,250,40,20180409_212753_df9c,250,vagrant,80,13,4.5041964054,3.0857144686,3.1138761044,1.7626330853,0.902861383,1
sshclient,500,40,20180410_010303_bdbc,500,vagrant,80,24,1.9157135487,1.2371152937,1.2995197773,0.1704292297,0.5757638598,1
sshclient,750,40,20180410_012253_bfe3,750,vagrant,80,15,1.5810115337,0.8819617271,0.9230189323,0.1848845482,0.4193323155,1
sshclient,1000,40,20180409_191010_8552,1000,vagrant,80,12,1.0195689201,0.7688251734,0.7950776815,0.3229343891,0.2118417809,1
sshclient,1250,40,20180409_192952_c79b,1250,vagrant,80,21,1.0446481705,0.5542524883,0.5945208073,0.0940806866,0.2600135886,1
sshclient,1500,40,20180409_194933_21b7,1500,vagrant,80,20,0.9193835258,0.5056406736,0.4775081873,0.1042883396,0.1954377656,1
sshclient,1750,40,20180409_200909_7f47,1750,vagrant,80,15,0.628247261,0.3960699399,0.4634826183,0.09405303,0.1696712966,1
sshclient,2000,40,20180409_202840_5b1b,2000,vagrant,80,20,0.5618185997,0.4233619809,0.5127432346,0.0941879749,0.1512357714,1
sshclient,2250,40,20180409_204810_24e0,2250,vagrant,80,19,0.4661867619,0.1956486827,0.1686062813,0.0937926769,0.1224807166,1
sshclient,2500,40,20180409_210738_721c,2500,vagrant,80,18,0.6490511894,0.3221976227,0.3357306719,0.0939252377,0.1710941719,1
sshclient,2750,40,20180409_214830_fe19,2750,vagrant,80,16,0.665528059,0.2820629179,0.3162864447,0.0938751698,0.1559619916,1
sshclient,3000,40,20180409_220757_3e41,3000,vagrant,80,12,0.4678406715,0.2778412104,0.3029353619,0.0938966274,0.1218470944,1
sshclient,3250,40,20180409_222721_d66b,3250,vagrant,80,12,0.3584859371,0.2028804223,0.1982654333,0.0935816765,0.1011252071,1
sshclient,3500,40,20180409_224647_4ab6,3500,vagrant,80,17,0.443911314,0.1959994821,0.1707961559,0.0938303471,0.1071874665,1
sshclient,3750,40,20180409_230622_4dc9,3750,vagrant,80,24,0.5040531158,0.2157642146,0.1834975481,0.0939071178,0.1293965809,1
sshclient,4000,40,20180409_232547_21d2,4000,vagrant,80,16,0.3741295338,0.2026873529,0.2430657148,0.0938136578,0.0949389603,1
sshclient,4250,40,20180409_234512_f6e8,4250,vagrant,80,12,0.3259046078,0.1829343239,0.1642464399,0.0938882828,0.0920608912,1
sshclient,4500,40,20180410_000437_d8af,4500,vagrant,80,16,0.2870793343,0.1933622658,0.2018538713,0.0937144756,0.0766556113,1
sshclient,4750,40,20180410_002402_74d0,4750,vagrant,80,19,0.3455145359,0.1739392657,0.2165908813,0.0940368176,0.0805592212,1
sshclient,5000,40,20180410_004327_f61f,5000,vagrant,80,15,0.4566385746,0.1969932397,0.2148942947,0.0939233303,0.1002625088,1
sshclient,250,60,20180409_212931_1926,250,vagrant,80,19,4.4750642776,2.6616518874,2.9996352196,0.2432086468,1.1655835523,1
sshclient,500,60,20180410_010434_5afa,500,vagrant,80,14,1.9470655918,1.3941219875,1.4926462173,0.1338129044,0.4916089919,1
sshclient,750,60,20180410_012426_633d,750,vagrant,80,12,1.3898088932,0.8488607605,0.9270541668,0.1338775158,0.3385554283,1
sshclient,1000,60,20180409_191142_dbd1,1000,vagrant,80,16,1.3998856544,0.808852613,0.9505683184,0.1339428425,0.320061954,1
sshclient,1250,60,20180409_193124_1ab3,1250,vagrant,80,26,0.8430528641,0.5633231218,0.6479395628,0.1338562965,0.2324001279,1
sshclient,1500,60,20180409_195103_6c9f,1500,vagrant,80,9,0.7573251724,0.5085971355,0.5490136147,0.1340646744,0.2222999157,1
sshclient,1750,60,20180409_201039_1663,1750,vagrant,80,14,0.6471209526,0.3464873518,0.3405035734,0.1337516308,0.1806966845,1
sshclient,2000,60,20180409_203010_e333,2000,vagrant,80,16,0.8407030106,0.4968267828,0.4791702032,0.1342222691,0.1730736823,1
sshclient,2250,60,20180409_204939_10eb,2250,vagrant,80,8,0.49127388,0.2221029401,0.156837225,0.1339225769,0.119256852,1
sshclient,2500,60,20180409_210908_5b6e,2500,vagrant,80,19,0.6427173615,0.3588514579,0.3776586056,0.1339938641,0.1437643938,1
sshclient,2750,60,20180409_214959_5819,2750,vagrant,80,16,0.6088936329,0.3046471328,0.3254978657,0.1339216232,0.1486695763,1
sshclient,3000,60,20180409_220926_e702,3000,vagrant,80,10,0.629830122,0.3604093313,0.3881635666,0.1337177753,0.1524749869,1
sshclient,3250,60,20180409_222850_3b99,3250,vagrant,80,16,0.4155156612,0.2266298383,0.2309019566,0.1339049339,0.0933017954,1
sshclient,3500,60,20180409_224816_43f0,3500,vagrant,80,15,0.4212741852,0.2865863164,0.31127882,0.1339819431,0.0950877109,1
sshclient,3750,60,20180409_230751_23ea,3750,vagrant,80,20,0.4376196861,0.2601207137,0.2923401594,0.1338531971,0.0957611047,1
sshclient,4000,60,20180409_232716_ca88,4000,vagrant,80,15,0.3443870544,0.2146257401,0.2113857269,0.1337738037,0.0792373868,1
sshclient,4250,60,20180409_234640_04de,4250,vagrant,80,14,0.3603281975,0.1813025475,0.1341247559,0.1338720322,0.0780371363,1
sshclient,4500,60,20180410_000606_da5c,4500,vagrant,80,15,0.3072149754,0.1903926373,0.1341788769,0.1338002682,0.0715356973,1
sshclient,4750,60,20180410_002531_1703,4750,vagrant,80,19,0.3807373047,0.1957058154,0.142134428,0.133906126,0.0757006993,1
sshclient,5000,60,20180410_004456_26b4,5000,vagrant,80,15,0.3031916618,0.1926490625,0.1344602108,0.1337134838,0.0737997057,1
sshclient,250,80,20180409_213110_4518,250,vagrant,80,11,4.3354437351,2.7168203701,2.7500548363,0.4291434288,1.1384910483,1
sshclient,500,80,20180410_010605_4d82,500,vagrant,80,17,2.3328742981,1.4607235965,1.5074157715,0.1737310886,0.519263012,1
sshclient,750,80,20180410_012555_6bbb,750,vagrant,80,15,1.8460869789,1.1032700857,1.1968541145,0.6066141129,0.4005668683,1
sshclient,1000,80,20180409_191312_04c8,1000,vagrant,80,15,1.1351532936,0.7902795792,0.7996041775,0.1738073826,0.2352615304,1
sshclient,1250,80,20180409_193255_4ff5,1250,vagrant,80,18,0.8880505562,0.4791089429,0.5204945803,0.1739332676,0.2482695386,1
sshclient,1500,80,20180409_195234_5091,1500,vagrant,80,15,0.8722786903,0.5307782809,0.5990946293,0.1739444733,0.2479859877,1
sshclient,1750,80,20180409_201208_5a6b,1750,vagrant,80,14,0.7201929092,0.3220970801,0.2847852707,0.1738204956,0.1787387016,1
sshclient,2000,80,20180409_203139_b4c2,2000,vagrant,80,16,0.8222839832,0.4747142941,0.4823467731,0.2103729248,0.1734154929,1
sshclient,2250,80,20180409_205109_2190,2250,vagrant,80,22,0.5076384544,0.3230973591,0.3645387888,0.1737878323,0.1373993712,1
sshclient,2500,80,20180409_211037_7e2b,2500,vagrant,80,18,0.6233155727,0.2751402987,0.1741306782,0.1736478806,0.1471347585,1
sshclient,2750,80,20180409_215128_bcdd,2750,vagrant,80,24,0.691904068,0.2973480225,0.2892694473,0.1737594604,0.1339710593,1
sshclient,3000,80,20180409_221055_386e,3000,vagrant,80,12,0.4922540188,0.2923094034,0.288485527,0.1736905575,0.1075564175,1
sshclient,3250,80,20180409_223020_7f90,3250,vagrant,80,10,0.6422586441,0.3203250885,0.2797664404,0.1738138199,0.1554290582,1
sshclient,3500,80,20180409_224945_cd14,3500,vagrant,80,21,0.4175710678,0.2086961496,0.1741881371,0.1736712456,0.0647862433,1
sshclient,3750,80,20180409_230920_f93f,3750,vagrant,80,19,0.3847441673,0.2586809961,0.247354269,0.1737971306,0.0793300401,1
sshclient,4000,80,20180409_232845_e75c,4000,vagrant,80,17,0.5278689861,0.2650118575,0.2408280373,0.1738016605,0.1042666794,1
sshclient,4250,80,20180409_234810_2d18,4250,vagrant,80,14,0.5366098881,0.2675115551,0.2101920843,0.1738746166,0.1096848481,1
sshclient,4500,80,20180410_000735_4c1a,4500,vagrant,80,22,0.3818881512,0.2207721472,0.1769118309,0.1737833023,0.0666291586,1
sshclient,4750,80,20180410_002700_2b16,4750,vagrant,80,17,0.3582062721,0.2336356079,0.1744098663,0.1740086079,0.0733156701,1
sshclient,5000,80,20180410_004625_ec73,5000,vagrant,80,12,0.3442211151,0.2329471707,0.1933175325,0.1734392643,0.0670285029,1
sshclient,250,100,20180409_213248_809f,250,vagrant,80,12,4.9606738091,3.2876228293,3.5739421844,1.4962646961,1.0382962364,1
sshclient,500,100,20180410_010739_f685,500,vagrant,80,8,2.1954278946,1.5407314003,1.6128878593,0.8678100109,0.5541006749,1
sshclient,750,100,20180410_012728_d298,750,vagrant,80,14,1.5459077358,1.1849051203,1.4124457836,0.5294952393,0.3640711213,1
sshclient,1000,100,20180409_191444_4a1e,1000,vagrant,80,21,1.2415702343,0.8778593427,0.8964583874,0.2138791084,0.2741862021,1
sshclient,1250,100,20180409_193424_421d,1250,vagrant,80,27,1.2007222176,0.7481187803,0.7597501278,0.2294118404,0.2292520151,1
sshclient,1500,100,20180409_195405_e137,1500,vagrant,80,16,1.1269426346,0.5638442338,0.4864531755,0.2140769958,0.2271515158,1
sshclient,1750,100,20180409_201337_ae58,1750,vagrant,80,20,0.9655916691,0.4822423816,0.4341847897,0.2137966156,0.2175993038,1
sshclient,2000,100,20180409_203309_9c83,2000,vagrant,80,13,0.9035758972,0.4078014997,0.3989803791,0.2139167786,0.1944563529,1
sshclient,2250,100,20180409_205239_4918,2250,vagrant,80,26,0.8597996235,0.4761661016,0.5058479309,0.2138185501,0.1644166698,1
sshclient,2500,100,20180409_211206_51b3,2500,vagrant,80,9,0.8093216419,0.4021438228,0.437928915,0.2137620449,0.1879430386,1
sshclient,2750,100,20180409_215258_da61,2750,vagrant,80,21,0.6338021755,0.3904201984,0.3631343842,0.2137758732,0.1075728232,1
sshclient,3000,100,20180409_221224_1844,3000,vagrant,80,10,0.4931445122,0.2976819038,0.2477228642,0.2137739658,0.0983656665,1
sshclient,3250,100,20180409_223150_b5f6,3250,vagrant,80,12,0.6269299984,0.3980307579,0.4316387177,0.2137441635,0.1333915123,1
sshclient,3500,100,20180409_225115_f71b,3500,vagrant,80,10,0.5082242489,0.3390642405,0.3530002832,0.2138035297,0.0894208699,1
sshclient,3750,100,20180409_231049_5e52,3750,vagrant,80,21,0.5964479446,0.3487952437,0.3227264881,0.2138521671,0.1084119206,1
sshclient,4000,100,20180409_233015_849c,4000,vagrant,80,13,0.4276030064,0.3109297202,0.3496682644,0.2136795521,0.0824681668,1
sshclient,4250,100,20180409_234939_2fb9,4250,vagrant,80,19,0.567479372,0.3397131217,0.3333480358,0.2135543823,0.1210597612,1
sshclient,4500,100,20180410_000905_f93a,4500,vagrant,80,16,0.5324044228,0.3267833591,0.3168876171,0.2139940262,0.1020813071,1
sshclient,4750,100,20180410_002830_b45d,4750,vagrant,80,15,0.3858232498,0.2573912779,0.2145783901,0.2139377594,0.0578799793,1
sshclient,5000,100,20180410_004754_48ba,5000,vagrant,80,24,0.4643511772,0.2889045378,0.2666448355,0.2134404182,0.0810878184,1
sshclient,250,120,20180409_213426_1da7,250,vagrant,80,11,4.9359490871,3.2301962159,2.8367547989,1.5622932911,0.9830479762,1
sshclient,500,120,20180410_010911_1cab,500,vagrant,80,16,2.4678564072,1.6005364209,1.6557130814,0.8687200546,0.5163625358,1
sshclient,750,120,20180410_012858_2a8b,750,vagrant,80,21,1.8716380596,1.0274911494,1.0487418175,0.2540225983,0.4890426492,1
sshclient,1000,120,20180409_191613_0fe5,1000,vagrant,80,15,1.3403747082,0.8686640898,0.9008691311,0.2539689541,0.3097756322,1
sshclient,1250,120,20180409_193556_860b,1250,vagrant,80,15,1.2890737057,0.8369174957,0.8410503864,0.2540707588,0.266297865,1
sshclient,1500,120,20180409_195536_5c17,1500,vagrant,80,19,1.1742119789,0.6742648075,0.6781659126,0.254067421,0.2484300165,1
sshclient,1750,120,20180409_201507_2463,1750,vagrant,80,28,0.9582333565,0.5240943602,0.4482517242,0.2538046837,0.229755397,1
sshclient,2000,120,20180409_203439_5dff,2000,vagrant,80,14,1.0195770264,0.5523788759,0.5106289387,0.2537670135,0.2322943998,1
sshclient,2250,120,20180409_205408_c3b0,2250,vagrant,80,13,0.6332714558,0.4734638838,0.5201079845,0.254077673,0.1371681017,1
sshclient,2500,120,20180409_211335_90c7,2500,vagrant,80,21,0.771838665,0.3936898368,0.2541530132,0.2538986206,0.1679296723,1
sshclient,2750,120,20180409_215428_6a3d,2750,vagrant,80,12,0.5859725475,0.38842688,0.3929036856,0.2538449764,0.1281914065,1
sshclient,3000,120,20180409_221354_47de,3000,vagrant,80,10,0.7347025871,0.4721385479,0.5146983862,0.2542741299,0.1513083035,1
sshclient,3250,120,20180409_223319_641e,3250,vagrant,80,13,0.7481882572,0.3542188681,0.2542424202,0.2538776398,0.1406346849,1
sshclient,3500,120,20180409_225244_d727,3500,vagrant,80,22,0.6348559856,0.3654683178,0.2847040892,0.2538526058,0.1276939004,1
sshclient,3750,120,20180409_231219_d7e8,3750,vagrant,80,17,0.5991592407,0.3220393938,0.2541646957,0.2537603378,0.1099422649,1
sshclient,4000,120,20180409_233145_7983,4000,vagrant,80,16,0.4300105572,0.311401397,0.2548826933,0.2537946701,0.071545695,1
sshclient,4250,120,20180409_235108_634f,4250,vagrant,80,13,0.4468460083,0.2961832743,0.2542436123,0.2539031506,0.0678239489,1
sshclient,4500,120,20180410_001034_87d4,4500,vagrant,80,13,0.436150074,0.2952404389,0.2622532845,0.2537705898,0.0609582507,1
sshclient,4750,120,20180410_002959_19db,4750,vagrant,80,20,0.4225199223,0.3168040395,0.2915841341,0.2539496422,0.0673239277,1
sshclient,5000,120,20180410_004923_63af,5000,vagrant,80,17,0.4231061935,0.2765428319,0.2538793087,0.2535755634,0.0469639285,1
sshclient,250,140,20180409_213605_639b,250,vagrant,80,9,4.768573761,3.1408326891,2.7242097855,1.9236338139,1.0210928402,1
sshclient,500,140,20180410_011043_dc6e,500,vagrant,80,10,2.5974104404,1.5815614462,1.5437393188,0.5433638096,0.5723871147,1
sshclient,750,140,20180410_013028_4c09,750,vagrant,80,16,1.6161019802,0.9753561467,0.9779108763,0.2936224937,0.4806288172,1
sshclient,1000,140,20180409_191746_ba2c,1000,vagrant,80,16,1.208304882,0.8213231713,0.9090240002,0.2940151691,0.2654645739,1
sshclient,1250,140,20180409_193727_4f0b,1250,vagrant,80,20,1.1228945255,0.6271286488,0.6012144089,0.2938654423,0.2815618393,1
sshclient,1500,140,20180409_195706_7dfc,1500,vagrant,80,14,1.0218160152,0.689496994,0.7079833746,0.2940568924,0.1982086271,1
sshclient,1750,140,20180409_201636_54ba,1750,vagrant,80,20,1.0895812511,0.6875299811,0.6602240801,0.2941119671,0.2044615627,1
sshclient,2000,140,20180409_203609_5652,2000,vagrant,80,18,0.9330773354,0.6051854955,0.6164866686,0.2940809727,0.1814859294,1
sshclient,2250,140,20180409_205539_9306,2250,vagrant,80,13,0.9184205532,0.5296779596,0.5794839859,0.2939908504,0.1820871583,1
sshclient,2500,140,20180409_211505_2c4e,2500,vagrant,80,20,0.7426025867,0.4460687757,0.4455822706,0.2938127518,0.134393282,1
sshclient,2750,140,20180409_215558_b9aa,2750,vagrant,80,17,0.8191723824,0.4030605064,0.3275821209,0.2937955856,0.1469867372,1
sshclient,3000,140,20180409_221524_7f68,3000,vagrant,80,16,0.750980854,0.4272284955,0.3844031096,0.2940692902,0.1403295314,1
sshclient,3250,140,20180409_223449_2e3e,3250,vagrant,80,11,0.5196933746,0.3271812309,0.2942016125,0.2937586308,0.0688371623,1
sshclient,3500,140,20180409_225419_91db,3500,vagrant,80,20,0.6983709335,0.3701238394,0.3054480553,0.2938766479,0.1091354354,1
sshclient,3750,140,20180409_231349_3c04,3750,vagrant,80,18,0.535782814,0.3516207006,0.2990882397,0.2937390804,0.0774973227,1
sshclient,4000,140,20180409_233314_be4d,4000,vagrant,80,16,0.5454232693,0.3633606583,0.3172436953,0.2939863205,0.086303287,1
sshclient,4250,140,20180409_235238_c6cb,4250,vagrant,80,16,0.4780683517,0.3253981769,0.2940700054,0.2938456535,0.0632090771,1
sshclient,4500,140,20180410_001204_e638,4500,vagrant,80,23,0.4762637615,0.3373000829,0.2956473827,0.2896807194,0.0665776229,1
sshclient,4750,140,20180410_003129_8b1b,4750,vagrant,80,18,0.47833395,0.325226148,0.294085741,0.2938389778,0.0560725902,1
sshclient,5000,140,20180410_005053_8c73,5000,vagrant,80,16,0.5301179886,0.3384286314,0.3076212406,0.2937178612,0.0691718167,1
sshclient,250,160,20180409_213743_a160,250,vagrant,80,17,5.0217237473,3.0577656101,3.0495877266,0.5354850292,1.0947506182,1
sshclient,500,160,20180410_011215_686f,500,vagrant,80,16,2.6483800411,1.6426961422,2.0087171793,0.334094286,0.6944001297,1
sshclient,750,160,20180410_013158_2649,750,vagrant,80,18,1.6132071018,1.0515717268,1.1870105267,0.3340198994,0.3825915045,1
sshclient,1000,160,20180409_191916_eabd,1000,vagrant,80,24,1.649913311,0.9313326776,0.9467357397,0.3340654373,0.3080467274,1
sshclient,1250,160,20180409_193857_472c,1250,vagrant,80,12,1.303732872,0.8058553537,0.7584078312,0.4812934399,0.2703492879,1
sshclient,1500,160,20180409_195835_cd5c,1500,vagrant,80,15,1.2218534946,0.6900185426,0.7518062592,0.3339045048,0.2442559063,1
sshclient,1750,160,20180409_201807_1343,1750,vagrant,80,10,0.8230862617,0.6341568232,0.6457113028,0.3690707684,0.1300837951,1
sshclient,2000,160,20180409_203739_b4fb,2000,vagrant,80,15,0.7688727379,0.5125199636,0.5061407089,0.3335375786,0.1365185282,1
sshclient,2250,160,20180409_205708_9351,2250,vagrant,80,21,0.9623334408,0.526408888,0.4754905701,0.3338646889,0.2001929499,1
sshclient,2500,160,20180409_211636_ccc2,2500,vagrant,80,29,0.8685216904,0.5518333501,0.6106450558,0.3337693214,0.1757691242,1
sshclient,2750,160,20180409_215729_9263,2750,vagrant,80,18,0.8681333065,0.4544624885,0.4009196758,0.3338429928,0.1443238664,1
sshclient,3000,160,20180409_221653_1345,3000,vagrant,80,25,0.7022979259,0.4253778267,0.373714447,0.3338487148,0.1094167309,1
sshclient,3250,160,20180409_223619_107e,3250,vagrant,80,19,0.5474836826,0.3969185101,0.3367643356,0.3337855339,0.0845902334,1
sshclient,3500,160,20180409_225549_95ab,3500,vagrant,80,25,0.6845796108,0.4156544876,0.3903880119,0.3339188099,0.0926050264,1
sshclient,3750,160,20180409_231519_2332,3750,vagrant,80,14,0.608745575,0.4020719528,0.3361669779,0.3339424133,0.0897880222,1
sshclient,4000,160,20180409_233444_6f6e,4000,vagrant,80,23,0.6028847694,0.383529943,0.3360188007,0.3337988853,0.0801359897,1
sshclient,4250,160,20180409_235407_6fee,4250,vagrant,80,22,0.7008304596,0.3961136124,0.3343002796,0.3338425159,0.1041589234,1
sshclient,4500,160,20180410_001334_b179,4500,vagrant,80,14,0.6586375237,0.3890296561,0.3432555199,0.333837986,0.0936270119,1
sshclient,4750,160,20180410_003259_a4e2,4750,vagrant,80,17,0.5369603634,0.3921628419,0.334482193,0.3337659836,0.0815454874,1
sshclient,5000,160,20180410_005222_ac33,5000,vagrant,80,21,0.5393915176,0.3845269226,0.335996151,0.3336112499,0.0757679339,1
sshclient,250,180,20180409_213922_1ff8,250,vagrant,80,13,5.0447933674,3.2667487034,3.6182508469,0.4928331375,1.2950945971,1
sshclient,500,180,20180410_011348_ba6d,500,vagrant,80,24,3.0434207916,1.9398727914,2.1370043755,0.7039065361,0.5812566484,1
sshclient,750,180,20180410_013332_8760,750,vagrant,80,14,2.096932888,1.2021910293,1.2461842299,0.3739705086,0.4910635826,1
sshclient,1000,180,20180409_192048_5b3b,1000,vagrant,80,19,1.7402126789,0.8792565998,0.9637084007,0.3741168976,0.3788475887,1
sshclient,1250,180,20180409_194029_6bb5,1250,vagrant,80,16,1.4727737904,0.9343363196,0.9138544798,0.6332399845,0.2319730095,1
sshclient,1500,180,20180409_200006_0d73,1500,vagrant,80,15,1.2902598381,0.7971634229,0.8130133152,0.3740546703,0.2404018698,1
sshclient,1750,180,20180409_201938_61b8,1750,vagrant,80,29,1.1973326206,0.7321108539,0.7335567474,0.3739376068,0.2444693133,1
sshclient,2000,180,20180409_203910_4cac,2000,vagrant,80,14,0.6896495819,0.5299628803,0.5740805864,0.3739643097,0.1173891465,1
sshclient,2250,180,20180409_205838_81ef,2250,vagrant,80,16,1.0295398235,0.6496521682,0.6373916864,0.373966217,0.1972111589,1
sshclient,2500,180,20180409_211806_30cb,2500,vagrant,80,25,0.9431405067,0.5309211922,0.5115983486,0.3738994598,0.1655945092,1
sshclient,2750,180,20180409_215858_6f97,2750,vagrant,80,13,0.5971269608,0.4359861337,0.3893654346,0.3739976883,0.0800158816,1
sshclient,3000,180,20180409_221823_c76e,3000,vagrant,80,25,0.6922607422,0.4795107937,0.4154284,0.3740186691,0.1112436132,1
sshclient,3250,180,20180409_223749_2ef9,3250,vagrant,80,19,0.6376435757,0.4421911114,0.3967709541,0.3737981319,0.0851062092,1
sshclient,3500,180,20180409_225718_f954,3500,vagrant,80,13,0.7246465683,0.424003436,0.3742291927,0.373963356,0.1050780611,1
sshclient,3750,180,20180409_231649_9032,3750,vagrant,80,16,0.6320414543,0.4163938761,0.3750957251,0.3738491535,0.0795759917,1
sshclient,4000,180,20180409_233614_a054,4000,vagrant,80,22,0.6437175274,0.4368218834,0.3863039017,0.3737781048,0.091487386,1
sshclient,4250,180,20180409_235537_454a,4250,vagrant,80,14,0.5957429409,0.4144882815,0.3766987324,0.3691995144,0.0661011453,1
sshclient,4500,180,20180410_001504_377c,4500,vagrant,80,16,0.5977680683,0.4367466122,0.3885968924,0.37368536,0.0834951242,1
sshclient,4750,180,20180410_003428_6260,4750,vagrant,80,16,0.5965995789,0.4075769186,0.3751012087,0.3738870621,0.0717642783,1
sshclient,5000,180,20180410_005352_7c7a,5000,vagrant,80,15,0.7018454075,0.4128233751,0.3740890026,0.373639822,0.0953873224,1
sshclient,250,200,20180409_212116_b3c7,250,vagrant,80,15,5.2804012299,2.8854707559,2.3553848267,0.6860337257,1.3761513573,1
sshclient,500,200,20180410_005653_64d9,500,vagrant,80,19,2.9188241959,1.7230349214,1.7129724026,0.607465744,0.7142409276,1
sshclient,750,200,20180410_011649_5ad3,750,vagrant,80,16,1.7444443703,1.2682690173,1.2564246655,0.6452944279,0.3540936278,1
sshclient,1000,200,20180409_190408_d75d,1000,vagrant,80,12,1.298176527,0.7783471545,0.6557437181,0.4138123989,0.3307531153,1
sshclient,1250,200,20180409_192348_3894,1250,vagrant,80,18,1.1380751133,0.7550223271,0.6844434738,0.4139463902,0.2053110583,1
sshclient,1500,200,20180409_194329_58f1,1500,vagrant,80,18,1.3207657337,0.7432044877,0.6747515202,0.4142615795,0.2581658143,1
sshclient,1750,200,20180409_200307_ec85,1750,vagrant,80,14,1.2787547112,0.7400547266,0.7788758278,0.414634943,0.2386688977,1
sshclient,2000,200,20180409_202239_c106,2000,vagrant,80,16,1.1268405914,0.658630237,0.6754364967,0.4143350124,0.1657773443,1
sshclient,2250,200,20180409_204209_7477,2250,vagrant,80,14,0.9642972946,0.7062946728,0.7217468023,0.4139242172,0.1670130306,1
sshclient,2500,200,20180409_210138_e03f,2500,vagrant,80,16,0.9768970013,0.528973639,0.4502435923,0.4138014317,0.1518447148,1
sshclient,2750,200,20180409_214230_ca00,2750,vagrant,80,14,0.891446352,0.5763342551,0.5915372372,0.4139020443,0.136362177,1
sshclient,3000,200,20180409_220157_a3f9,3000,vagrant,80,12,0.656121254,0.4754425287,0.4320709705,0.4137442112,0.0871936048,1
sshclient,3250,200,20180409_222122_b627,3250,vagrant,80,15,0.71544981,0.4899744193,0.4340951443,0.4136252403,0.1047064181,1
sshclient,3500,200,20180409_224048_1f78,3500,vagrant,80,18,0.669039011,0.4816797707,0.4167231321,0.4136595726,0.099947411,1
sshclient,3750,200,20180409_230017_38fc,3750,vagrant,80,19,0.8004615307,0.5093389938,0.4331429005,0.4137797356,0.1263703215,1
sshclient,4000,200,20180409_231947_d2aa,4000,vagrant,80,10,0.6591086388,0.4583673,0.423112154,0.413990736,0.0741682976,1
sshclient,4250,200,20180409_233912_058d,4250,vagrant,80,19,0.6959223747,0.4633704989,0.4151206017,0.4138290882,0.0843191751,1
sshclient,4500,200,20180409_235836_a7c9,4500,vagrant,80,16,0.6593871117,0.4758126736,0.4226615429,0.4136734009,0.091691069,1
sshclient,4750,200,20180410_001802_e9da,4750,vagrant,80,25,0.6667044163,0.4912457085,0.453455925,0.4086768627,0.0930995077,1
sshclient,5000,200,20180410_003727_98a6,5000,vagrant,80,21,0.6580400467,0.4458777905,0.4141793251,0.4137711525,0.0649498343,1
sshclient,250,220,20180409_212434_d658,250,vagrant,80,9,4.8057303429,2.9579070674,2.9536275864,1.4099469185,1.0376442534,1
sshclient,500,220,20180410_005957_d0cd,500,vagrant,80,14,2.3833701611,1.88455144,1.8762016296,1.0915248394,0.3797112955,1
sshclient,750,220,20180410_011953_d2b4,750,vagrant,80,14,2.3222284317,1.3611906086,1.2926696539,0.7067790031,0.4808955602,1
sshclient,1000,220,20180409_190707_9009,1000,vagrant,80,15,1.6188488007,1.0286745866,1.1001455784,0.454325676,0.3583938286,1
sshclient,1250,220,20180409_192650_fc4c,1250,vagrant,80,19,1.3546485901,0.9284240823,0.9611368179,0.453874588,0.2282157792,1
sshclient,1500,220,20180409_194630_646c,1500,vagrant,80,34,1.391153574,0.9042534758,0.9046909809,0.4538803101,0.2630194073,1
sshclient,1750,220,20180409_200608_13fe,1750,vagrant,80,11,1.3485889435,0.7942491661,0.8025538921,0.4539997578,0.2729235029,1
sshclient,2000,220,20180409_202538_381b,2000,vagrant,80,14,1.2136359215,0.7340226173,0.6783362627,0.453984499,0.2236720845,1
sshclient,2250,220,20180409_204509_ef7c,2250,vagrant,80,19,1.0036489964,0.5977330333,0.5736100674,0.4538452625,0.1537017199,1
sshclient,2500,220,20180409_210437_244b,2500,vagrant,80,15,0.9364037514,0.5644322077,0.4944896698,0.4538736343,0.1387391921,1
sshclient,2750,220,20180409_214529_99a8,2750,vagrant,80,22,0.9853930473,0.5640316118,0.4858262539,0.4537479877,0.1473170281,1
sshclient,3000,220,20180409_220456_7bef,3000,vagrant,80,13,0.8554062843,0.5176734374,0.4654560089,0.453930378,0.1092951285,1
sshclient,3250,220,20180409_222421_5309,3250,vagrant,80,17,0.901309967,0.5613538097,0.5091629028,0.4539115429,0.1289953494,1
sshclient,3500,220,20180409_224347_3681,3500,vagrant,80,24,0.7159080505,0.5114602546,0.45766747,0.4537565708,0.096896633,1
sshclient,3750,220,20180409_230317_2f13,3750,vagrant,80,12,0.7162053585,0.4996240536,0.4541497231,0.4539659023,0.0959459689,1
sshclient,4000,220,20180409_232246_e7e4,4000,vagrant,80,15,0.7171857357,0.4770495574,0.4543242455,0.4538292885,0.0649951109,1
sshclient,4250,220,20180409_234211_a88c,4250,vagrant,80,17,0.71707654,0.5121228835,0.45434165,0.4538173676,0.096989985,1
sshclient,4500,220,20180410_000136_c3d6,4500,vagrant,80,17,0.7205710411,0.5493194776,0.4558005333,0.4538607597,0.1156803401,1
sshclient,4750,220,20180410_002101_ac72,4750,vagrant,80,14,0.7170922756,0.4971030099,0.4544285536,0.4539396763,0.0903300254,1
sshclient,5000,220,20180410_004026_127c,5000,vagrant,80,15,0.7172348499,0.5279682,0.4542906284,0.4539015293,0.1129708813,1
sshclient,250,240,20180409_212613_6934,250,vagrant,80,7,5.3763086796,3.9685813699,4.0024523735,1.9314980507,1.0035882182,1
sshclient,500,240,20180410_010130_55ef,500,vagrant,80,17,2.3850200176,1.5708220286,1.5608708858,0.5811319351,0.5453162798,1
sshclient,750,240,20180410_012123_afbf,750,vagrant,80,17,2.284440279,1.4769077441,1.5506882668,0.652844429,0.3974132646,1
sshclient,1000,240,20180409_190839_7839,1000,vagrant,80,14,1.643954277,1.14754154,1.1859772205,0.4941601753,0.385772229,1
sshclient,1250,240,20180409_192822_56d7,1250,vagrant,80,16,1.5353226662,0.9748020619,0.9677444696,0.4941351414,0.2772351311,1
sshclient,1500,240,20180409_194801_bbca,1500,vagrant,80,16,1.497802496,0.9475318342,0.9071906805,0.4939241409,0.3042525894,1
sshclient,1750,240,20180409_200738_297d,1750,vagrant,80,21,1.3989918232,0.8178127039,0.7699532509,0.4937765598,0.3049140612,1
sshclient,2000,240,20180409_202709_de85,2000,vagrant,80,17,1.1736495495,0.7847658045,0.7720952034,0.4990472794,0.1992090464,1
sshclient,2250,240,20180409_204640_f96e,2250,vagrant,80,14,0.8438191414,0.6085364648,0.5590702295,0.4939396381,0.1254209847,1
sshclient,2500,240,20180409_210608_5054,2500,vagrant,80,19,0.9809837341,0.6380589636,0.5415022373,0.4940373898,0.1618763358,1
sshclient,2750,240,20180409_214659_e214,2750,vagrant,80,19,0.8710155487,0.5818349437,0.5111877918,0.4940650463,0.123859788,1
sshclient,3000,240,20180409_220626_e378,3000,vagrant,80,16,0.8134074211,0.6191009581,0.5898710489,0.4937918186,0.1239129399,1
sshclient,3250,240,20180409_222551_2b66,3250,vagrant,80,20,0.7785406113,0.5837787986,0.5192995071,0.4938042164,0.1105058612,1
sshclient,3500,240,20180409_224517_e338,3500,vagrant,80,23,0.7931284904,0.5703105823,0.501357317,0.4909069538,0.1116001188,1
sshclient,3750,240,20180409_230452_95d5,3750,vagrant,80,20,0.7783174515,0.5644444942,0.5049006939,0.4936227798,0.0968511677,1
sshclient,4000,240,20180409_232416_4ccd,4000,vagrant,80,13,0.7828145027,0.527636583,0.5042250156,0.4910616875,0.0752221355,1
sshclient,4250,240,20180409_234341_f83b,4250,vagrant,80,19,0.7772343159,0.5932385921,0.5117294788,0.4937112331,0.1194046441,1
sshclient,4500,240,20180410_000306_c3c9,4500,vagrant,80,26,0.8340613842,0.6261238318,0.5519689322,0.4938731194,0.1348583168,1
sshclient,4750,240,20180410_002231_40b6,4750,vagrant,80,11,0.8292236328,0.5919190754,0.5017411709,0.4940485954,0.1308281571,1
sshclient,5000,240,20180410_004156_6f71,5000,vagrant,80,15,0.7785563469,0.5915792147,0.499789238,0.4938049316,0.1174005863,1
